first_name,Last_name,Email,Phone_no,Password
Jolanda,Hanafan,jhanafan@domain.com,7029422066,CF209K
Barrett,Toyama,btoyama@domain.com,9043051089,GU891U
Helga,Fredicks,hfredicks@domain.com,5961385022,UP763A
Ashlyn,Pinilla,apinilla@domain.com,4386815379,MF877R
Fausto,Agramonte,fagramonte@domain.com,4496886733,ZP124H
Ronny,Caiafa,rcaiafa@domain.com,1355998527,QQ500C
Marge,Limmel,mlimmel@domain.com,9197144240,MP432M
Norah,Waymire,nwaymire@domain.com,3794291288,AV962N
Aliza,Baltimore,abaltimore@domain.com,3503436057,LQ634A
Mozell,Pelkowski,mpelkowski@domain.com,3401005274,AL560N
Viola,Bitsuie,vbitsuie@domain.com,4022826649,DR832Y
Franklyn,Emard,femard@domain.com,5182716454,FL427Y
Willodean,Konopacki,wkonopacki@domain.com,8472498798,PH936T
Beckie,Silvestrini,bsilvestrini@domain.com,2542719018,GB432U
Rebecka,Gesick,rgesick@domain.com,7919270772,CP761J
Frederica,Blunk,fblunk@domain.com,3275285803,RP403P
Glen,Bartolet,gbartolet@domain.com,8957116896,TE760I
Freeman,Gochal,fgochal@domain.com,2877577135,ZB826X
Vincent,Meinerding,vmeinerding@domain.com,8649083827,WI202P
Rima,Bevelacqua,rbevelacqua@domain.com,9921348560,NZ855R
Glendora,Sarbacher,gsarbacher@domain.com,7554391588,TJ735F
Avery,Steier,asteier@domain.com,5608674256,JU869K
Cristy,Lother,clother@domain.com,7962635729,MY258Q
Nicolette,Brossart,nbrossart@domain.com,6615862067,PP313Q
Tracey,Modzelewski,tmodzelewski@domain.com,6219445400,WX416Y
Virgina,Tegarden,vtegarden@domain.com,9242162558,TX260W
Tiera,Frankel,tfrankel@domain.com,1978668135,JO300Y
Alaine,Bergesen,abergesen@domain.com,5039060705,EH968V
Earleen,Mai,emai@domain.com,3799598774,MP429C
Leonida,Gobern,lgobern@domain.com,5831704890,QT842A
Ressie,Auffrey,rauffrey@domain.com,2981354555,YR567O
Justine,Mugnolo,jmugnolo@domain.com,9844306505,EX409C
Eladia,Saulter,esaulter@domain.com,3441110861,YG327R
Chaya,Malvin,cmalvin@domain.com,2104336238,ED923X
Gwenn,Suffield,gsuffield@domain.com,5099254314,FQ404D
Salena,Karpel,skarpel@domain.com,6245121760,OG766C
Yoko,Fishburne,yfishburne@domain.com,7801910528,LP391U
Taryn,Moyd,tmoyd@domain.com,6285778296,EA776H
Katina,Polidori,kpolidori@domain.com,2490033351,AQ226K
Rickie,Plumer,rplumer@domain.com,1886395776,JF961Q
Alex,Loader,aloader@domain.com,9748578831,YB116U
Lashon,Vizarro,lvizarro@domain.com,5201091859,NX690L
Lauran,Burnard,lburnard@domain.com,1819169926,ZK330L
Ceola,Setter,csetter@domain.com,8036351555,MW539Z
My,Rantanen,mrantanen@domain.com,4683072380,SN434M
Lorrine,Worlds,lworlds@domain.com,6413269916,XE626Q
Peggie,Sturiale,psturiale@domain.com,4161403662,ER287B
Marvel,Raymo,mraymo@domain.com,3807440076,FZ504T
Daron,Dinos,ddinos@domain.com,1700960275,DE935K
An,Fritz,afritz@domain.com,2121883246,XN121G
Portia,Stimmel,pstimmel@domain.com,6676529007,HN517N
Rhea,Aredondo,raredondo@domain.com,3933491340,NF467W
Benedict,Sama,bsama@domain.com,4231418763,LF540X
Alyce,Arias,aarias@domain.com,3819749144,EI511Y
Heike,Berganza,hberganza@domain.com,8357099042,DW110Y
Carey,Dopico,cdopico@domain.com,2687667712,TI423X
Dottie,Hellickson,dhellickson@domain.com,5443104509,QM752S
Deandrea,Hughey,dhughey@domain.com,7104076900,CG915Y
Kimberlie,Duenas,kduenas@domain.com,7503839325,BI330A
Martina,Staback,mstaback@domain.com,3329491259,GT370K
Skye,Fillingim,sfillingim@domain.com,1253065036,KI891N
Jade,Farrar,jfarrar@domain.com,2260659619,VF117A
Charlene,Hamilton,chamilton@domain.com,5014618905,ZM184V
Geoffrey,Acey,gacey@domain.com,4105114138,OX542M
Stevie,Westerbeck,swesterbeck@domain.com,8636592538,NA380P
Pamella,Fortino,pfortino@domain.com,7473657175,ZL898L
Harrison,Haufler,hhaufler@domain.com,2312506395,CN363C
Johnna,Engelberg,jengelberg@domain.com,9015133351,AV292S
Buddy,Cloney,bcloney@domain.com,5514995481,UR247Z
Dalene,Riden,driden@domain.com,6128547758,NU247F
Jerry,Zurcher,jzurcher@domain.com,5340980968,WL866D
Haydee,Denooyer,hdenooyer@domain.com,5762894493,IR547D
Joseph,Cryer,jcryer@domain.com,9256329724,QA914X
Deonna,Kippley,dkippley@domain.com,4382925122,AM330M
Raymon,Calvaresi,rcalvaresi@domain.com,2363909131,XC598X
Alecia,Bubash,abubash@domain.com,2492087592,JA489Q
Ma,Layous,mlayous@domain.com,6734122654,QW574C
Detra,Coyier,dcoyier@domain.com,8631750133,QL749C
Terrilyn,Rodeigues,trodeigues@domain.com,9041554789,UW277Q
Salome,Lacovara,slacovara@domain.com,3566795321,ZB912Y
Garry,Keetch,gkeetch@domain.com,3917591898,GF528S
Matthew,Neither,mneither@domain.com,8943464165,KX285S
Theodora,Restrepo,trestrepo@domain.com,4085499374,EI967D
Noah,Kalafatis,nkalafatis@domain.com,2248246655,KA784P
Carmen,Sweigard,csweigard@domain.com,8042022349,LN530E
Lavonda,Hengel,lhengel@domain.com,6650101363,TL972T
Junita,Stoltzman,jstoltzman@domain.com,3769995524,VD201W
Herminia,Nicolozakes,hnicolozakes@domain.com,2700299314,EJ602I
Casie,Good,cgood@domain.com,1495325823,OM829A
Reena,Maisto,rmaisto@domain.com,2337675666,RT642A
Mirta,Mallett,mmallett@domain.com,8044491731,GJ322V
Cathrine,Pontoriero,cpontoriero@domain.com,3750105860,EA630B
Filiberto,Tawil,ftawil@domain.com,5594036061,BU804R
Raul,Upthegrove,rupthegrove@domain.com,1347950340,FU236A
Sarah,Candlish,scandlish@domain.com,8630268687,VP904Q
Lucy,Treston,ltreston@domain.com,2429872871,ZB143R
Judy,Aquas,jaquas@domain.com,4122513270,BD193A
Yvonne,Tjepkema,ytjepkema@domain.com,9442424860,EX260R
Kayleigh,Lace,klace@domain.com,3424303548,PB996A
Felix,Hirpara,fhirpara@domain.com,4530771793,TH595F
